"Name","DistinguishedName"
"Domain Controllers","OU=Domain Controllers,DC=bolton,DC=barmbuzz,DC=test"
"Bolton","OU=Bolton,DC=bolton,DC=barmbuzz,DC=test"
"BoltonUsers","OU=BoltonUsers,OU=Bolton,DC=bolton,DC=barmbuzz,DC=test"
"BoltonComputers","OU=BoltonComputers,OU=Bolton,DC=bolton,DC=barmbuzz,DC=test"
"BoltonAdmins","OU=BoltonAdmins,OU=Bolton,DC=bolton,DC=barmbuzz,DC=test"
"Derby","OU=Derby,DC=bolton,DC=barmbuzz,DC=test"
"DerbyUsers","OU=DerbyUsers,OU=Derby,DC=bolton,DC=barmbuzz,DC=test"
"DerbyComputers","OU=DerbyComputers,OU=Derby,DC=bolton,DC=barmbuzz,DC=test"
"DerbyAdmins","OU=DerbyAdmins,OU=Derby,DC=bolton,DC=barmbuzz,DC=test"
"Nottingham","OU=Nottingham,OU=Derby,DC=bolton,DC=barmbuzz,DC=test"
"NottinghamUsers","OU=NottinghamUsers,OU=Nottingham,OU=Derby,DC=bolton,DC=barmbuzz,DC=test"
"NottinghamComputers","OU=NottinghamComputers,OU=Nottingham,OU=Derby,DC=bolton,DC=barmbuzz,DC=test"
